id;X;Y;Z;dist1;dist2;dist3
0;0.1;0;5.263399;1.793677;3.097716;1.793677
1;0.1;0;5.063399;1.81334;2.925125;1.81334
2;0.1;0;4.863399;1.854489;2.756242;1.854489
3;0.1;0;4.663399;1.91574;2.591792;1.91574
4;0.1;0;4.463399;1.995241;2.432673;1.995241
5;0.1;0;4.263399;2.090912;2.280003;2.090912
6;0.1;0;4.063399;2.200646;2.135164;2.200646
7;0.1;0;3.863399;2.322449;1.99986;2.322449
8;0.1;0;3.663399;2.454526;1.876154;2.454526
9;0.1;0;3.463399;2.595308;1.766484;2.595308
10;0.1;0;3.263399;2.743456;1.673613;2.743456
11;0.1;0;3.063399;2.89784;1.600467;2.89784
12;0.1;0;2.863399;3.057516;1.549841;3.057516
13;0.1;0;2.663399;3.221697;1.523982;3.221697
14;0.1;0;2.463399;3.389729;1.52415;3.389729
15;0.1;0;2.263399;3.561066;1.550338;3.561066
16;0.1;0;2.063399;3.735253;1.601269;3.735253
17;0.1;0;1.863399;3.91191;1.674687;3.91191
18;0.1;0;1.663399;4.090718;1.767792;4.090718
19;0.1;0;1.463399;4.271405;1.877659;4.271405
20;0.1;0;1.263399;4.453743;2.001528;4.453743
21;0.1;0;1.063399;4.637537;2.136967;4.637537
22;0.1;0;0.863399;4.822622;2.281917;4.822622
23;0.1;0;0.663399;5.008853;2.434678;5.008853
24;0.1;0;0.463399;5.196108;2.593872;5.196108
25;0.1;0;0.263399;5.384279;2.758384;5.384279
26;0.1;0;0.063399;5.573275;2.927319;5.573275
27;0.3;0;5.263399;1.593886;3.004585;1.593886
28;0.3;0;5.063399;1.615983;2.826313;1.615983
29;0.3;0;4.863399;1.662025;2.651143;1.662025
30;0.3;0;4.663399;1.730103;2.479732;1.730103
31;0.3;0;4.463399;1.817741;2.312917;1.817741
32;0.3;0;4.263399;1.922267;2.151767;1.922267
33;0.3;0;4.063399;2.041087;1.997652;2.041087
34;0.3;0;3.863399;2.171857;1.85233;2.171857
35;0.3;0;3.663399;2.312551;1.718034;2.312551
36;0.3;0;3.463399;2.461467;1.597546;2.461467
37;0.3;0;3.263399;2.617202;1.494211;2.617202
38;0.3;0;3.063399;2.77861;1.411801;2.77861
39;0.3;0;2.863399;2.944758;1.35414;2.944758
40;0.3;0;2.663399;3.114888;1.324465;3.114888
41;0.3;0;2.463399;3.288382;1.324659;3.288382
42;0.3;0;2.263399;3.464734;1.354709;3.464734
43;0.3;0;2.063399;3.64353;1.41271;3.64353
44;0.3;0;1.863399;3.824427;1.495414;3.824427
45;0.3;0;1.663399;4.00714;1.598992;4.00714
46;0.3;0;1.463399;4.191431;1.719677;4.191431
47;0.3;0;1.263399;4.377102;1.854131;4.377102
48;0.3;0;1.063399;4.563984;1.999579;4.563984
49;0.3;0;0.863399;4.751934;2.153794;4.751934
50;0.3;0;0.663399;4.94083;2.315026;4.94083
51;0.3;0;0.463399;5.130568;2.481906;5.130568
52;0.3;0;0.263399;5.321058;2.65337;5.321058
53;0.3;0;0.063399;5.512222;2.828584;5.512222
54;0.5;0;5.263399;1.394155;2.922194;1.394155
55;0.5;0;5.063399;1.419365;2.738564;1.419365
56;0.5;0;4.863399;1.471572;2.55739;1.471572
57;0.5;0;4.663399;1.548048;2.379235;1.548048
58;0.5;0;4.463399;1.645411;2.20483;1.645411
59;0.5;0;4.263399;1.760201;2.035138;1.760201
60;0.5;0;4.063399;1.889242;1.871443;1.889242
61;0.5;0;3.863399;2.029818;1.715463;2.029818
62;0.5;0;3.663399;2.179699;1.569499;2.179699
63;0.5;0;3.463399;2.337096;1.436608;2.337096
64;0.5;0;3.263399;2.500589;1.32074;2.500589
65;0.5;0;3.063399;2.669058;1.226731;2.669058
66;0.5;0;2.863399;2.841619;1.159906;2.841619
67;0.5;0;2.663399;3.01757;1.12512;3.01757
68;0.5;0;2.463399;3.19635;1.125348;3.19635
69;0.5;0;2.263399;3.377511;1.16057;3.377511
70;0.5;0;2.063399;3.560689;1.227777;3.560689
71;0.5;0;1.863399;3.745589;1.322101;3.745589
72;0.5;0;1.663399;3.931967;1.438215;3.931967
73;0.5;0;1.463399;4.119623;1.571298;4.119623
74;0.5;0;1.263399;4.308389;1.717408;4.308389
75;0.5;0;1.063399;4.498127;1.873501;4.498127
76;0.5;0;0.863399;4.688718;2.037282;4.688718
77;0.5;0;0.663399;4.880062;2.207041;4.880062
78;0.5;0;0.463399;5.072073;2.381501;5.072073
79;0.5;0;0.263399;5.26468;2.559699;5.26468
80;0.5;0;0.063399;5.457819;2.740907;5.457819
81;0.7;0;5.263399;1.194514;2.851474;1.194514
82;0.7;0;5.063399;1.223843;2.662972;1.223843
83;0.7;0;4.863399;1.284025;2.476274;1.284025
84;0.7;0;4.663399;1.371002;2.291822;1.371002
85;0.7;0;4.463399;1.480059;2.110204;1.480059
86;0.7;0;4.263399;1.606705;1.93222;1.606705
87;0.7;0;4.063399;1.74712;1.758974;1.74712
88;0.7;0;3.863399;1.898251;1.592012;1.898251
89;0.7;0;3.663399;2.057738;1.433532;2.057738
90;0.7;0;3.463399;2.223783;1.286673;2.223783
91;0.7;0;3.263399;2.395024;1.155873;2.395024
92;0.7;0;3.063399;2.570422;1.047166;2.570422
93;0.7;0;2.863399;2.749181;0.968023;2.749181
94;0.7;0;2.663399;2.930686;0.926058;2.930686
95;0.7;0;2.463399;3.114458;0.926335;3.114458
96;0.7;0;2.263399;3.300118;0.968819;3.300118
97;0.7;0;2.063399;3.487364;1.048391;3.487364
98;0.7;0;1.863399;3.675953;1.157427;3.675953
99;0.7;0;1.663399;3.86569;1.288468;3.86569
100;0.7;0;1.463399;4.056413;1.435502;4.056413
101;0.7;0;1.263399;4.247989;1.594107;4.247989
102;0.7;0;1.063399;4.440309;1.761162;4.440309
103;0.7;0;0.863399;4.633279;1.934478;4.633279
104;0.7;0;0.663399;4.826821;2.112515;4.826821
105;0.7;0;0.463399;5.020869;2.294174;5.020869
106;0.7;0;0.263399;5.215367;2.478658;5.215367
107;0.7;0;0.063399;5.410266;2.665382;5.410266
108;0.9;0;5.263399;0.995018;2.793312;0.995018
109;0.9;0;5.063399;1.030043;2.600597;1.030043
110;0.9;0;4.863399;1.100871;2.409071;1.100871
111;0.9;0;4.663399;1.201184;2.219039;1.201184
112;0.9;0;4.463399;1.3243;2.030923;1.3243
113;0.9;0;4.263399;1.464479;1.845308;1.464479
114;0.9;0;4.063399;1.61729;1.663032;1.61729
115;0.9;0;3.863399;1.779481;1.485325;1.779481
116;0.9;0;3.663399;1.948713;1.314041;1.948713
117;0.9;0;3.463399;2.123301;1.152049;2.123301
118;0.9;0;3.263399;2.302029;1.003857;2.302029
119;0.9;0;3.063399;2.484002;0.876495;2.484002
120;0.9;0;2.863399;2.668556;0.780229;2.668556
121;0.9;0;2.663399;2.855191;0.72751;2.855191
122;0.9;0;2.463399;3.043525;0.727863;3.043525
123;0.9;0;2.263399;3.233261;0.781216;3.233261
124;0.9;0;2.063399;3.424164;0.877959;3.424164
125;0.9;0;1.863399;3.616052;1.005647;3.616052
126;0.9;0;1.663399;3.808774;1.154053;3.808774
127;0.9;0;1.463399;4.00221;1.316188;4.00221
128;0.9;0;1.263399;4.196262;1.48757;4.196262
129;0.9;0;1.063399;4.390847;1.665347;4.390847
130;0.9;0;0.863399;4.585899;1.847672;4.585899
131;0.9;0;0.663399;4.781359;2.033324;4.781359
132;0.9;0;0.463399;4.97718;2.221468;4.97718
133;0.9;0;0.263399;5.173321;2.411521;5.173321
134;0.9;0;0.063399;5.369746;2.603065;5.369746
135;1.1;0;5.263399;0.795775;2.748505;0.795775
136;1.1;0;5.063399;0.839157;2.55241;0.839157
137;1.1;0;4.863399;0.924723;2.35697;0.924723
138;1.1;0;4.663399;1.042132;2.162365;1.042132
139;1.1;0;4.463399;1.181934;1.968841;1.181934
140;1.1;0;4.263399;1.337122;1.776752;1.337122
141;1.1;0;4.063399;1.502938;1.58662;1.502938
142;1.1;0;3.863399;1.676231;1.399241;1.676231
143;1.1;0;3.663399;1.854906;1.215891;1.854906
144;1.1;0;3.463399;2.037549;1.038703;2.037549
145;1.1;0;3.263399;2.223181;0.871445;2.223181
146;1.1;0;3.063399;2.411112;0.721062;2.411112
147;1.1;0;2.863399;2.600844;0.60037;2.600844
148;1.1;0;2.663399;2.792009;0.530055;2.792009
149;1.1;0;2.463399;2.984333;0.530539;2.984333
150;1.1;0;2.263399;3.177604;0.601652;3.177604
151;1.1;0;2.063399;3.371661;0.722841;3.371661
152;1.1;0;1.863399;3.566374;0.873506;3.566374
153;1.1;0;1.663399;3.761642;1.040926;3.761642
154;1.1;0;1.463399;3.957383;1.218212;3.957383
155;1.1;0;1.263399;4.153529;1.401625;4.153529
156;1.1;0;1.063399;4.350027;1.589046;4.350027
157;1.1;0;0.863399;4.54683;1.779208;4.54683
158;1.1;0;0.663399;4.7439;1.971318;4.7439
159;1.1;0;0.463399;4.941206;2.164857;4.941206
160;1.1;0;0.263399;5.13872;2.359475;5.13872
161;1.1;0;0.063399;5.336419;2.554924;5.336419
162;1.3;0;5.263399;0.597037;2.717714;0.597037
163;1.3;0;5.063399;0.653744;2.519223;0.653744
164;1.3;0;4.863399;0.760466;2.32099;0.760466
165;1.3;0;4.663399;0.899575;2.12309;0.899575
166;1.3;0;4.463399;1.058378;1.925623;1.058378
167;1.3;0;4.263399;1.229264;1.728738;1.229264
168;1.3;0;4.063399;1.407842;1.532661;1.407842
169;1.3;0;3.863399;1.591523;1.337746;1.591523
170;1.3;0;3.663399;1.778728;1.144586;1.778728
171;1.3;0;3.463399;1.968451;0.954249;1.968451
172;1.3;0;3.263399;2.16003;0.768833;2.16003
173;1.3;0;3.063399;2.35301;0.592974;2.35301
174;1.3;0;2.863399;2.547073;0.438329;2.547073
175;1.3;0;2.663399;2.74199;0.335627;2.74199
176;1.3;0;2.463399;2.937591;0.336391;2.937591
177;1.3;0;2.263399;3.133746;0.440083;3.133746
178;1.3;0;2.063399;3.330359;0.595136;3.330359
179;1.3;0;1.863399;3.527353;0.771168;3.527353
180;1.3;0;1.663399;3.724668;0.956668;3.724668
181;1.3;0;1.463399;3.922254;1.147051;3.922254
182;1.3;0;1.263399;4.120073;1.340239;4.120073
183;1.3;0;1.063399;4.318093;1.535172;4.318093
184;1.3;0;0.863399;4.516288;1.731262;4.516288
185;1.3;0;0.663399;4.714635;1.928155;4.714635
186;1.3;0;0.463399;4.913116;2.125628;4.913116
187;1.3;0;0.263399;5.111716;2.323534;5.111716
188;1.3;0;0.063399;5.310421;2.52177;5.310421
189;1.5;0;5.263399;0.399562;2.701417;0.399562
190;1.5;0;5.063399;0.480184;2.501633;0.480184
191;1.5;0;4.863399;0.617661;2.301887;0.617661
192;1.5;0;4.663399;0.78258;2.102189;0.78258
193;1.5;0;4.463399;0.960916;1.902554;0.960916
194;1.5;0;4.263399;1.146424;1.703004;1.146424
195;1.5;0;4.063399;1.336119;1.503575;1.336119
196;1.5;0;3.863399;1.528444;1.30432;1.528444
197;1.5;0;3.663399;1.722518;1.105335;1.722518
198;1.5;0;3.463399;1.917811;0.906796;1.917811
199;1.5;0;3.263399;2.113983;0.709078;2.113983
200;1.5;0;3.063399;2.310812;0.513133;2.310812
201;1.5;0;2.863399;2.508143;0.32221;2.508143
202;1.5;0;2.663399;2.705865;0.15599;2.705865
203;1.5;0;2.463399;2.9039;0.157628;2.9039
204;1.5;0;2.263399;3.102187;0.324592;3.102187
205;1.5;0;2.063399;3.30068;0.515629;3.30068
206;1.5;0;1.863399;3.499345;0.711609;3.499345
207;1.5;0;1.663399;3.698154;0.909341;3.698154
208;1.5;0;1.463399;3.897085;1.107887;3.897085
209;1.5;0;1.263399;4.09612;1.306877;4.09612
210;1.5;0;1.063399;4.295245;1.506135;4.295245
211;1.5;0;0.863399;4.494447;1.705566;4.494447
212;1.5;0;0.663399;4.693717;1.905117;4.693717
213;1.5;0;0.463399;4.893047;2.104752;4.893047
214;1.5;0;0.263399;5.092429;2.304451;5.092429
215;1.5;0;0.063399;5.291858;2.504198;5.291858
216;1.7;0;5.263399;0.206992;2.699878;0.206992
217;1.7;0;5.063399;0.337303;2.499971;0.337303
218;1.7;0;4.863399;0.514491;2.300081;0.514491
219;1.7;0;4.663399;0.704009;2.100211;0.704009
220;1.7;0;4.463399;0.898085;1.900368;0.898085
221;1.7;0;4.263399;1.094296;1.700562;1.094296
222;1.7;0;4.063399;1.29167;1.500808;1.29167
223;1.7;0;3.863399;1.489744;1.30113;1.489744
224;1.7;0;3.663399;1.688273;1.101568;1.688273
225;1.7;0;3.463399;1.887112;0.902201;1.887112
226;1.7;0;3.263399;2.086174;0.703192;2.086174
227;1.7;0;3.063399;2.285399;0.504969;2.285399
228;1.7;0;2.863399;2.484749;0.309042;2.484749
229;1.7;0;2.663399;2.684195;0.126572;2.684195
230;1.7;0;2.463399;2.883718;0.128585;2.883718
231;1.7;0;2.263399;3.083303;0.311525;3.083303
232;1.7;0;2.063399;3.282939;0.507505;3.282939
233;1.7;0;1.863399;3.482616;0.705744;3.482616
234;1.7;0;1.663399;3.682328;0.904759;3.682328
235;1.7;0;1.463399;3.88207;1.10413;3.88207
236;1.7;0;1.263399;4.081837;1.303693;4.081837
237;1.7;0;1.063399;4.281626;1.503373;4.281626
238;1.7;0;0.863399;4.481434;1.703127;4.481434
239;1.7;0;0.663399;4.681258;1.902934;4.681258
240;1.7;0;0.463399;4.881097;2.102777;4.881097
241;1.7;0;0.263399;5.080948;2.302647;5.080948
242;1.7;0;0.063399;5.280811;2.502538;5.280811
243;1.9;0;5.263399;0.077319;2.713122;0.077319
244;1.9;0;5.063399;0.277319;2.514268;0.277319
245;1.9;0;4.863399;0.477319;2.315612;0.477319
246;1.9;0;4.663399;0.677319;2.117209;0.677319
247;1.9;0;4.463399;0.877319;1.919137;0.877319
248;1.9;0;4.263399;1.077319;1.721511;1.077319
249;1.9;0;4.063399;1.277319;1.524504;1.277319
250;1.9;0;3.863399;1.477319;1.328392;1.477319
251;1.9;0;3.663399;1.677319;1.13364;1.677319
252;1.9;0;3.463399;1.877319;0.941092;1.877319
253;1.9;0;3.263399;2.077319;0.752441;2.077319
254;1.9;0;3.063399;2.277319;0.57156;2.277319
255;1.9;0;2.863399;2.477319;0.408894;2.477319
256;1.9;0;2.663399;2.677319;0.296155;2.677319
257;1.9;0;2.463399;2.877319;0.297021;2.877319
258;1.9;0;2.263399;3.077319;0.410774;3.077319
259;1.9;0;2.063399;3.277319;0.573802;3.277319
260;1.9;0;1.863399;3.477319;0.754826;3.477319
261;1.9;0;1.663399;3.677319;0.943544;3.677319
262;1.9;0;1.463399;3.877319;1.136129;3.877319
263;1.9;0;1.263399;4.077319;1.330903;4.077319
264;1.9;0;1.063399;4.277319;1.527029;4.277319
265;1.9;0;0.863399;4.477319;1.724045;4.477319
266;1.9;0;0.663399;4.677319;1.921677;4.677319
267;1.9;0;0.463399;4.877319;2.119754;4.877319
268;1.9;0;0.263399;5.077319;2.318161;5.077319
269;1.9;0;0.063399;5.277319;2.51682;5.277319
270;2.1;0;5.263399;0.077319;2.740934;0.077319
271;2.1;0;5.063399;0.277319;2.544255;0.277319
272;2.1;0;4.863399;0.477319;2.348137;0.477319
273;2.1;0;4.663399;0.677319;2.152733;0.677319
274;2.1;0;4.463399;0.877319;1.958258;0.877319
275;2.1;0;4.263399;1.077319;1.765017;1.077319
276;2.1;0;4.063399;1.277319;1.573468;1.277319
277;2.1;0;3.863399;1.477319;1.38431;1.477319
278;2.1;0;3.663399;1.677319;1.198677;1.677319
279;2.1;0;3.463399;1.877319;1.018499;1.877319
280;2.1;0;3.263399;2.077319;0.847263;2.077319
281;2.1;0;3.063399;2.277319;0.691642;2.277319
282;2.1;0;2.863399;2.477319;0.564696;2.477319
283;2.1;0;2.663399;2.677319;0.489281;2.677319
284;2.1;0;2.463399;2.877319;0.489805;2.877319
285;2.1;0;2.263399;3.077319;0.566059;3.077319
286;2.1;0;2.063399;3.277319;0.693496;3.277319
287;2.1;0;1.863399;3.477319;0.849382;3.477319
288;2.1;0;1.663399;3.677319;1.020766;3.677319
289;2.1;0;1.463399;3.877319;1.201032;3.877319
290;2.1;0;1.263399;4.077319;1.386719;4.077319
291;2.1;0;1.063399;4.277319;1.575914;4.277319
292;2.1;0;0.863399;4.477319;1.767489;4.477319
293;2.1;0;0.663399;4.677319;1.960748;4.677319
294;2.1;0;0.463399;4.877319;2.155237;4.877319
295;2.1;0;0.263399;5.077319;2.350651;5.077319
296;2.1;0;0.063399;5.277319;2.546777;5.277319
297;2.3;0;5.263399;0.077319;2.782877;0.077319
298;2.3;0;5.063399;0.277319;2.589386;0.277319
299;2.3;0;4.863399;0.477319;2.396963;0.477319
300;2.3;0;4.663399;0.677319;2.205889;0.677319
301;2.3;0;4.463399;0.877319;2.016547;0.877319
302;2.3;0;4.263399;1.077319;1.829474;1.077319
303;2.3;0;4.063399;1.277319;1.645445;1.277319
304;2.3;0;3.863399;1.477319;1.465606;1.477319
305;2.3;0;3.663399;1.677319;1.29171;1.677319
306;2.3;0;3.463399;1.877319;1.126512;1.877319
307;2.3;0;3.263399;2.077319;0.974445;2.077319
308;2.3;0;3.063399;2.277319;0.842648;2.277319
309;2.3;0;2.863399;2.477319;0.742004;2.477319
310;2.3;0;2.663399;2.677319;0.686355;2.677319
311;2.3;0;2.463399;2.877319;0.686729;2.877319
312;2.3;0;2.263399;3.077319;0.743041;3.077319
313;2.3;0;2.063399;3.277319;0.84417;3.277319
314;2.3;0;1.863399;3.477319;0.976288;3.477319
315;2.3;0;1.663399;3.677319;1.128561;3.677319
316;2.3;0;1.463399;3.877319;1.293895;3.877319
317;2.3;0;1.263399;4.077319;1.467882;4.077319
318;2.3;0;1.063399;4.277319;1.647784;4.277319
319;2.3;0;0.863399;4.477319;1.831858;4.477319
320;2.3;0;0.663399;4.677319;2.018965;4.677319
321;2.3;0;0.463399;4.877319;2.208333;4.877319
322;2.3;0;0.263399;5.077319;2.399426;5.077319
323;2.3;0;0.063399;5.277319;2.591864;5.277319
324;2.5;0;5.263399;0.077319;2.838326;0.077319
325;2.5;0;5.063399;0.277319;2.648888;0.277319
326;2.5;0;4.863399;0.477319;2.461122;0.477319
327;2.5;0;4.663399;0.677319;2.275442;0.677319
328;2.5;0;4.463399;0.877319;2.092402;0.877319
329;2.5;0;4.263399;1.077319;1.912763;1.077319
330;2.5;0;4.063399;1.277319;1.737577;1.277319
331;2.5;0;3.863399;1.477319;1.568339;1.477319
332;2.5;0;3.663399;1.677319;1.407197;1.677319
333;2.5;0;3.463399;1.877319;1.257265;1.877319
334;2.5;0;3.263399;2.077319;1.123045;2.077319
335;2.5;0;3.063399;2.277319;1.010813;2.277319
336;2.5;0;2.863399;2.477319;0.928578;2.477319
337;2.5;0;2.663399;2.677319;0.884743;2.677319
338;2.5;0;2.463399;2.877319;0.885033;2.877319
339;2.5;0;2.263399;3.077319;0.929407;3.077319
340;2.5;0;2.063399;3.277319;1.012083;3.277319
341;2.5;0;1.863399;3.477319;1.124644;3.477319
342;2.5;0;1.663399;3.677319;1.259102;3.677319
343;2.5;0;1.463399;3.877319;1.409203;3.877319
344;2.5;0;1.263399;4.077319;1.570467;4.077319
345;2.5;0;1.063399;4.277319;1.739793;4.277319
346;2.5;0;0.863399;4.477319;1.915044;4.477319
347;2.5;0;0.663399;4.677319;2.094733;4.677319
348;2.5;0;0.463399;4.877319;2.27781;4.877319
349;2.5;0;0.263399;5.077319;2.463521;5.077319
350;2.5;0;0.063399;5.277319;2.65131;5.277319
351;2.7;0;5.263399;0.077319;2.906507;0.077319
352;2.7;0;5.063399;0.277319;2.721818;0.277319
353;2.7;0;4.863399;0.477319;2.53945;0.477319
354;2.7;0;4.663399;0.677319;2.359941;0.677319
355;2.7;0;4.463399;0.877319;2.183995;0.877319
356;2.7;0;4.263399;1.077319;2.012548;1.077319
357;2.7;0;4.063399;1.277319;1.846852;1.277319
358;2.7;0;3.863399;1.477319;1.688602;1.477319
359;2.7;0;3.663399;1.677319;1.540094;1.677319
360;2.7;0;3.463399;1.877319;1.404423;1.877319
361;2.7;0;3.263399;2.077319;1.285658;2.077319
362;2.7;0;3.063399;2.277319;1.188878;2.277319
363;2.7;0;2.863399;2.477319;1.119797;2.477319
364;2.7;0;2.663399;2.677319;1.083724;2.677319
365;2.7;0;2.463399;2.877319;1.083961;2.877319
366;2.7;0;2.263399;3.077319;1.120484;3.077319
367;2.7;0;2.063399;3.277319;1.189957;3.277319
368;2.7;0;1.863399;3.477319;1.287056;3.477319
369;2.7;0;1.663399;3.677319;1.406068;3.677319
370;2.7;0;1.463399;3.877319;1.541927;3.877319
371;2.7;0;1.263399;4.077319;1.690578;4.077319
372;2.7;0;1.063399;4.277319;1.848937;4.277319
373;2.7;0;0.863399;4.477319;2.014716;4.477319
374;2.7;0;0.663399;4.677319;2.186228;4.677319
375;2.7;0;0.463399;4.877319;2.362225;4.877319
376;2.7;0;0.263399;5.077319;2.541775;5.077319
377;2.7;0;0.063399;5.277319;2.724176;5.277319
378;2.9;0;5.263399;0.106206;2.986548;0.106206
379;2.9;0;5.063399;0.286718;2.807131;0.286718
380;2.9;0;4.863399;0.48284;2.630684;0.48284
381;2.9;0;4.663399;0.681221;2.457846;0.681221
382;2.9;0;4.463399;0.880335;2.289437;0.880335
383;2.9;0;4.263399;1.079776;2.126508;1.079776
384;2.9;0;4.063399;1.279392;1.970419;1.279392
385;2.9;0;3.863399;1.479112;1.822927;1.479112
386;2.9;0;3.663399;1.678898;1.686291;1.678898
387;2.9;0;3.463399;1.87873;1.563359;1.87873
388;2.9;0;3.263399;2.078594;1.457602;2.078594
389;2.9;0;3.063399;2.278482;1.372996;2.278482
390;2.9;0;2.863399;2.478389;1.313633;2.478389
391;2.9;0;2.663399;2.678309;1.283022;2.678309
392;2.9;0;2.463399;2.87824;1.283222;2.87824
393;2.9;0;2.263399;3.07818;1.314219;3.07818
394;2.9;0;2.063399;3.278127;1.373931;3.278127
395;2.9;0;1.863399;3.478081;1.458835;3.478081
396;2.9;0;1.663399;3.67804;1.564837;3.67804
397;2.9;0;1.463399;3.878002;1.687965;3.878002
398;2.9;0;1.263399;4.077969;1.824758;4.077969
399;2.9;0;1.063399;4.277938;1.972373;4.277938
400;2.9;0;0.863399;4.477911;2.12856;4.477911
401;2.9;0;0.663399;4.677885;2.291567;4.677885
402;2.9;0;0.463399;4.877862;2.46004;4.877862
403;2.9;0;0.263399;5.077841;2.632928;5.077841
404;2.9;0;0.063399;5.277821;2.809417;5.277821
405;3.1;0;5.263399;0.283556;3.077524;0.283556
406;3.1;0;5.063399;0.389014;2.903734;0.389014
407;3.1;0;4.863399;0.549781;2.733529;0.549781
408;3.1;0;4.663399;0.730196;2.567625;0.730196
409;3.1;0;4.463399;0.918757;2.406909;0.918757
410;3.1;0;4.263399;1.111324;2.252493;1.111324
411;3.1;0;4.063399;1.306128;2.105763;1.306128
412;3.1;0;3.863399;1.502297;1.968439;1.502297
413;3.1;0;3.663399;1.69936;1.842624;1.69936
414;3.1;0;3.463399;1.897038;1.730832;1.897038
415;3.1;0;3.263399;2.095156;1.635938;2.095156
416;3.1;0;3.063399;2.293601;1.561027;2.293601
417;3.1;0;2.863399;2.492295;1.509079;2.492295
418;3.1;0;2.663399;2.691182;1.482509;2.691182
419;3.1;0;2.463399;2.890223;1.482682;2.890223
420;3.1;0;2.263399;3.089388;1.509589;3.089388
421;3.1;0;2.063399;3.288654;1.561849;3.288654
422;3.1;0;1.863399;3.488004;1.637036;3.488004
423;3.1;0;1.663399;3.687424;1.732167;3.687424
424;3.1;0;1.463399;3.886905;1.844157;3.886905
425;3.1;0;1.263399;4.086435;1.970134;4.086435
426;3.1;0;1.063399;4.28601;2.107591;4.28601
427;3.1;0;0.863399;4.485622;2.25443;4.485622
428;3.1;0;0.663399;4.685268;2.408935;4.685268
429;3.1;0;0.463399;4.884943;2.569724;4.884943
430;3.1;0;0.263399;5.084643;2.735689;5.084643
431;3.1;0;0.063399;5.284366;2.905944;5.284366
432;3.3;0;5.263399;0.479091;3.178497;0.479091
433;3.3;0;5.063399;0.548139;3.010541;0.548139
434;3.3;0;4.863399;0.671851;2.84673;0.671851
435;3.3;0;4.663399;0.826021;2.687821;0.826021
436;3.3;0;4.463399;0.996614;2.534738;0.996614
437;3.3;0;4.263399;1.176506;2.3886;1.176506
438;3.3;0;4.063399;1.362018;2.250761;1.362018
439;3.3;0;3.863399;1.551135;2.122837;1.551135
440;3.3;0;3.663399;1.742684;2.006727;1.742684
441;3.3;0;3.463399;1.935943;1.904591;1.935943
442;3.3;0;3.263399;2.130447;1.818785;2.130447
443;3.3;0;3.063399;2.325883;1.751711;2.325883
444;3.3;0;2.863399;2.522035;1.705581;2.522035
445;3.3;0;2.663399;2.718747;1.682118;2.718747
446;3.3;0;2.463399;2.915907;1.68227;2.915907
447;3.3;0;2.263399;3.113429;1.706033;3.113429
448;3.3;0;2.063399;3.311249;1.752444;3.311249
449;3.3;0;1.863399;3.509316;1.819773;3.509316
450;3.3;0;1.663399;3.70759;1.905804;3.70759
451;3.3;0;1.463399;3.90604;2.008134;3.90604
452;3.3;0;1.263399;4.104641;2.124409;4.104641
453;3.3;0;1.063399;4.303371;2.252472;4.303371
454;3.3;0;0.863399;4.502214;2.390427;4.502214
455;3.3;0;0.663399;4.701155;2.536662;4.701155
456;3.3;0;0.463399;4.900183;2.689827;4.900183
457;3.3;0;0.263399;5.099286;2.848804;5.099286
458;3.3;0;0.063399;5.298457;3.012673;5.298457
459;3.5;0;5.263399;0.677239;3.288545;0.677239
460;3.5;0;5.063399;0.727723;3.126507;0.727723
461;3.5;0;4.863399;0.824929;2.969101;0.824929
462;3.5;0;4.663399;0.954691;2.817103;0.954691
463;3.5;0;4.463399;1.105605;2.671439;1.105605
464;3.5;0;4.263399;1.270154;2.533199;1.270154
465;3.5;0;4.063399;1.443682;2.403666;1.443682
466;3.5;0;3.863399;1.623313;2.284322;1.623313
467;3.5;0;3.663399;1.807228;2.176842;1.807228
468;3.5;0;3.463399;1.994242;2.083063;1.994242
469;3.5;0;3.263399;2.183559;2.004911;2.183559
470;3.5;0;3.063399;2.374627;1.944269;2.374627
471;3.5;0;2.863399;2.567057;1.902812;2.567057
472;3.5;0;2.663399;2.760563;1.88181;2.760563
473;3.5;0;2.463399;2.954935;1.881946;2.954935
474;3.5;0;2.263399;3.15001;1.903217;3.15001
475;3.5;0;2.063399;3.345668;1.944929;3.345668
476;3.5;0;1.863399;3.54181;2.005807;3.54181
477;3.5;0;1.663399;3.738362;2.084173;3.738362
478;3.5;0;1.463399;3.935261;2.178139;3.935261
479;3.5;0;1.263399;4.132457;2.285783;4.132457
480;3.5;0;1.063399;4.329911;2.405269;4.329911
481;3.5;0;0.863399;4.527589;2.534922;4.527589
482;3.5;0;0.663399;4.725461;2.673265;4.725461
483;3.5;0;0.463399;4.923506;2.819017;4.923506
484;3.5;0;0.263399;5.121703;2.971089;5.121703
485;3.5;0;0.063399;5.320035;3.12856;5.320035
486;3.7;0;5.263399;0.876229;3.40679;0.876229
487;3.7;0;5.063399;0.915808;3.250651;0.915808
488;3.7;0;4.863399;0.994803;3.099556;0.994803
489;3.7;0;4.663399;1.10479;2.954278;1.10479
490;3.7;0;4.463399;1.237533;2.815719;1.237533
491;3.7;0;4.263399;1.386512;2.684918;1.386512
492;3.7;0;4.063399;1.547043;2.563065;1.547043
493;3.7;0;3.863399;1.715888;2.451492;1.715888
494;3.7;0;3.663399;1.890819;2.351665;1.890819
495;3.7;0;3.463399;2.070296;2.265136;2.070296
496;3.7;0;3.263399;2.253232;2.19348;2.253232
497;3.7;0;3.063399;2.438848;2.138193;2.438848
498;3.7;0;2.863399;2.626577;2.100567;2.626577
499;3.7;0;2.663399;2.815996;2.081561;2.815996
500;3.7;0;2.463399;3.006786;2.081684;3.006786
501;3.7;0;2.263399;3.198701;2.100934;3.198701
502;3.7;0;2.063399;3.391551;2.138793;3.391551
503;3.7;0;1.863399;3.585184;2.194299;3.585184
504;3.7;0;1.663399;3.77948;2.266156;3.77948
505;3.7;0;1.463399;3.974343;2.352866;3.974343
506;3.7;0;1.263399;4.169692;2.452854;4.169692
507;3.7;0;1.063399;4.365462;2.564567;4.365462
508;3.7;0;0.863399;4.561599;2.686544;4.561599
509;3.7;0;0.663399;4.758057;2.817451;4.758057
510;3.7;0;0.463399;4.954799;2.956103;4.954799
511;3.7;0;0.263399;5.151792;3.101461;5.151792
512;3.7;0;0.063399;5.349009;3.252625;5.349009
513;3.9;0;5.263399;1.075594;3.532408;1.075594
514;3.9;0;5.063399;1.108075;3.382073;1.108075
515;3.9;0;4.863399;1.174205;3.237118;1.174205
516;3.9;0;4.663399;1.268733;3.098297;1.268733
517;3.9;0;4.463399;1.385861;2.966473;1.385861
518;3.9;0;4.263399;1.520375;2.842617;1.520375
519;3.9;0;4.063399;1.668073;2.727817;1.668073
520;3.9;0;3.863399;1.825759;2.623262;1.825759
521;3.9;0;3.663399;1.99106;2.53022;1.99106
522;3.9;0;3.463399;2.162233;2.450006;2.162233
523;3.9;0;3.263399;2.337986;2.383913;2.337986
524;3.9;0;3.063399;2.517361;2.333143;2.517361
525;3.9;0;2.863399;2.699636;2.29871;2.699636
526;3.9;0;2.663399;2.884261;2.281355;2.884261
527;3.9;0;2.463399;3.070812;2.281468;3.070812
528;3.9;0;2.263399;3.258959;2.299045;3.258959
529;3.9;0;2.063399;3.448441;2.333693;3.448441
530;3.9;0;1.863399;3.639048;2.384667;3.639048
531;3.9;0;1.663399;3.830613;2.450949;3.830613
532;3.9;0;1.463399;4.022999;2.531336;4.022999
533;3.9;0;1.263399;4.216094;2.624534;4.216094
534;3.9;0;1.063399;4.409805;2.729229;4.409805
535;3.9;0;0.863399;4.604053;2.844153;4.604053
536;3.9;0;0.663399;4.798774;2.968117;4.798774
537;3.9;0;0.463399;4.993912;3.100037;4.993912
538;3.9;0;0.263399;5.189421;3.238942;5.189421
539;3.9;0;0.063399;5.385259;3.383971;5.385259
540;4.1;0;5.263399;1.275157;3.664641;1.275157
541;4.1;0;5.063399;1.302672;3.519958;1.302672
542;4.1;0;4.863399;1.359368;3.38092;1.359368
543;4.1;0;4.663399;1.441807;3.248251;1.441807
544;4.1;0;4.463399;1.545877;3.122763;1.545877
545;4.1;0;4.263399;1.667532;3.005355;1.667532
546;4.1;0;4.063399;1.803217;2.897011;1.803217
547;4.1;0;3.863399;1.950005;2.798783;1.950005
548;4.1;0;3.663399;2.105575;2.711771;2.105575
549;4.1;0;3.463399;2.268121;2.637085;2.268121
550;4.1;0;3.263399;2.436247;2.575797;2.436247
551;4.1;0;3.063399;2.608875;2.528882;2.608875
552;4.1;0;2.863399;2.785167;2.49715;2.785167
553;4.1;0;2.663399;2.96447;2.481183;2.96447
554;4.1;0;2.463399;3.146269;2.481287;3.146269
555;4.1;0;2.263399;3.330156;2.497458;3.330156
556;4.1;0;2.063399;3.515802;2.529389;3.515802
557;4.1;0;1.863399;3.702944;2.576495;3.702944
558;4.1;0;1.663399;3.891365;2.637961;3.891365
559;4.1;0;1.463399;4.080888;2.712813;4.080888
560;4.1;0;1.263399;4.271367;2.799976;4.271367
561;4.1;0;1.063399;4.462679;2.898341;4.462679
562;4.1;0;0.863399;4.654721;3.006808;4.654721
563;4.1;0;0.663399;4.847407;3.124325;4.847407
564;4.1;0;0.463399;5.040663;3.249911;5.040663
565;4.1;0;0.263399;5.234426;3.382667;5.234426
566;4.1;0;0.063399;5.428641;3.521782;5.428641
567;4.3;0;5.263399;1.474839;3.802799;1.474839
568;4.3;0;5.063399;1.498692;3.663577;1.498692
569;4.3;0;4.863399;1.548227;3.530199;1.548227
570;4.3;0;4.663399;1.62109;3.403354;1.62109
571;4.3;0;4.463399;1.714311;3.283799;1.714311
572;4.3;0;4.263399;1.824771;3.172357;1.824771
573;4.3;0;4.063399;1.949542;3.069912;1.949542
574;4.3;0;3.863399;2.086059;2.977394;2.086059
575;4.3;0;3.663399;2.232167;2.895754;2.232167
576;4.3;0;3.463399;2.386105;2.825934;2.386105
577;4.3;0;3.263399;2.546454;2.76883;2.546454
578;4.3;0;3.063399;2.712075;2.72524;2.712075
579;4.3;0;2.863399;2.882062;2.69582;2.882062
580;4.3;0;2.663399;3.055685;2.681037;3.055685
581;4.3;0;2.463399;3.232358;2.681132;3.232358
582;4.3;0;2.263399;3.411607;2.696106;3.411607
583;4.3;0;2.063399;3.593048;2.725711;3.593048
584;4.3;0;1.863399;3.776363;2.769479;3.776363
585;4.3;0;1.663399;3.961293;2.826752;3.961293
586;4.3;0;1.463399;4.147623;2.896729;4.147623
587;4.3;0;1.263399;4.33517;2.978515;4.33517
588;4.3;0;1.063399;4.523785;3.071167;4.523785
589;4.3;0;0.863399;4.713338;3.173733;4.713338
590;4.3;0;0.663399;4.903721;3.285284;4.903721
591;4.3;0;0.463399;5.094842;3.404939;5.094842
592;4.3;0;0.263399;5.286619;3.531872;5.286619
593;4.3;0;0.063399;5.478984;3.665329;5.478984
594;4.5;0;5.263399;1.674597;3.94626;1.674597
595;4.5;0;5.063399;1.695642;3.81228;1.695642
596;4.5;0;4.863399;1.739578;3.68429;1.739578
597;4.5;0;4.663399;1.804732;3.562935;1.804732
598;4.5;0;4.463399;1.888911;3.448916;1.888911
599;4.5;0;4.263399;1.989702;3.342983;1.989702
600;4.5;0;4.063399;2.104719;3.245928;2.104719
601;4.5;0;3.863399;2.231763;3.15857;2.231763
602;4.5;0;3.663399;2.368902;3.081733;2.368902
603;4.5;0;3.463399;2.514483;3.016221;2.514483
604;4.5;0;3.263399;2.667124;2.962787;2.667124
605;4.5;0;3.063399;2.825682;2.922091;2.825682
606;4.5;0;2.863399;2.989215;2.894673;2.989215
607;4.5;0;2.663399;3.15695;2.88091;3.15695
608;4.5;0;2.463399;3.328252;2.881;3.328252
609;4.5;0;2.263399;3.502597;2.894939;3.502597
610;4.5;0;2.063399;3.679554;2.922531;3.679554
611;4.5;0;1.863399;3.858762;2.963393;3.858762
612;4.5;0;1.663399;4.039922;3.016987;4.039922
613;4.5;0;1.463399;4.222783;3.082649;4.222783
614;4.5;0;1.263399;4.407133;3.159627;4.407133
615;4.5;0;1.063399;4.592794;3.247115;4.592794
616;4.5;0;0.863399;4.779611;3.344289;4.779611
617;4.5;0;0.663399;4.967455;3.450331;4.967455
618;4.5;0;0.463399;5.156213;3.564449;5.156213
619;4.5;0;0.263399;5.345789;3.685893;5.345789
620;4.5;0;0.063399;5.536099;3.813964;5.536099